.Tanggal,Tahun,Bulan,Nama_Bulan,Musim,Curah_Hujan_mm,Luas_Panen_Ha,Produksi_Padi_Ton,Harga_Gabah_GKP_Rp_Kg,Harga_Gabah_GKG_Rp_Kg,Stok_Beras_Ton,Harga_BBM_Rp_Liter,Kurs_Rupiah_USD,Harga_Beras_Bulan_Sebelumnya_Rp_Kg,Harga_Beras_Rp_Kg
2010-01-01,2010,1,Januari,Hujan,250,384256,1873704,3995,4136,1,4463,10816,6816,6821
2010-02-01,2010,2,Februari,Hujan,242,941604,4612224,3810,3892,1,4110,10602,6821,6977
2010-03-01,2010,3,Maret,Hujan,210,1396436,7604539,3685,4010,1,4114,10904,6977,6647
2010-04-01,2010,4,April,Pancaroba,146,1633627,8332650,3624,4144,1,3915,11070,6647,6641
2010-05-01,2010,5,Mei,Pancaroba,149,855610,4316428,3807,4160,1,4075,10993,6641,6662
2010-06-01,2010,6,Juni,Kemarau,87,708486,3752229,3889,4003,1,4032,10922,6662,7177
2010-07-01,2010,7,Juli,Kemarau,87,917851,4112579,3831,4202,1,4017,10994,7177,6905
2010-08-01,2010,8,Agustus,Kemarau,70,1087937,5447590,3858,4267,1,3995,11049,6905,7458
2010-09-01,2010,9,September,Kemarau,77,1097740,4506731,3945,4188,1,4427,10704,7458,7166
2010-10-01,2010,10,Oktober,Pancaroba,173,928975,4114160,3820,4156,1,4486,11016,7166,7329
2010-11-01,2010,11,November,Hujan,199,648221,2719062,3954,4268,1,4486,11078,7329,7303
2010-12-01,2010,12,Desember,Hujan,272,383960,1962914,3981,4238,1,4495,11283,7303,7398
2011-01-01,2011,1,Januari,Hujan,249,388211,1320153,4021,4348,1,4553,11111,7398,7364
2011-02-01,2011,2,Februari,Hujan,227,1013232,4923655,4020,4173,1,4351,11204,7364,7797
2011-03-01,2011,3,Maret,Hujan,210,1434709,7325392,3823,4036,1,4407,11322,7797,7151
2011-04-01,2011,4,April,Pancaroba,158,1626770,8358803,3910,4027,1,4672,11074,7151,7370
2011-05-01,2011,5,Mei,Pancaroba,150,977047,4370377,3836,4322,1,4510,11454,7370,7275
2011-06-01,2011,6,Juni,Kemarau,97,742710,3380398,4184,4404,1,4577,11242,7275,7670
2011-07-01,2011,7,Juli,Kemarau,90,842139,4557714,4056,4433,1,4431,11274,7670,7406
2011-08-01,2011,8,Agustus,Kemarau,75,1050060,5248654,4050,4433,1,4710,11320,7406,8145
2011-09-01,2011,9,September,Kemarau,85,992639,4893865,4077,4341,1,4865,11352,8145,7505
2011-10-01,2011,10,Oktober,Pancaroba,157,845698,4461479,4071,4267,1,4871,11328,7505,7719
2011-11-01,2011,11,November,Hujan,200,556730,2994418,4194,4595,1,4593,11265,7719,7860
2011-12-01,2011,12,Desember,Hujan,280,469811,2972825,4223,4610,1,4911,11321,7860,7970
2012-01-01,2012,1,Januari,Hujan,240,382242,1680899,4193,4751,1,5071,11192,7970,7740
2012-02-01,2012,2,Februari,Hujan,249,967067,4538519,4050,4510,1,4988,11488,7740,7711
2012-03-01,2012,3,Maret,Hujan,240,1488523,6872798,4045,4306,1,4827,11599,7711,7885
2012-04-01,2012,4,April,Pancaroba,153,1609627,8389055,3960,4267,1,4903,11490,7885,7970
2012-05-01,2012,5,Mei,Pancaroba,169,989199,4338917,4071,4578,1,4918,11882,7970,7687
2012-06-01,2012,6,Juni,Kemarau,95,588798,3342624,4161,4420,1,4616,11686,7687,8004
2012-07-01,2012,7,Juli,Kemarau,93,816304,4636477,4183,4441,1,4879,11661,8004,8050
2012-08-01,2012,8,Agustus,Kemarau,80,1059579,5355119,4326,4416,1,4537,11702,8050,8195
2012-09-01,2012,9,September,Kemarau,82,1004081,5124174,4154,4489,1,5223,11625,8195,8300
2012-10-01,2012,10,Oktober,Pancaroba,175,902108,4442739,4142,4517,1,5284,11821,8300,8172
2012-11-01,2012,11,November,Hujan,212,582077,3070786,4289,4652,1,5324,11889,8172,8472
2012-12-01,2012,12,Desember,Hujan,276,478289,2054335,4364,4670,1,5278,11611,8472,8686
2013-01-01,2013,1,Januari,Hujan,239,340515,2089662,4417,4770,1,5335,11663,8686,8305
2013-02-01,2013,2,Februari,Hujan,234,1008184,4784352,4203,4597,1,5239,11724,8305,8342
2013-03-01,2013,3,Maret,Hujan,224,1439624,7261133,4211,4413,1,5215,11949,8342,8307
2013-04-01,2013,4,April,Pancaroba,160,1701074,8462052,4161,4416,1,5168,12090,8307,8095
2013-05-01,2013,5,Mei,Pancaroba,155,1012303,4694451,4311,4705,1,5259,12133,8095,8343
2013-06-01,2013,6,Juni,Kemarau,90,733237,3723709,4472,4818,22229,5100,12245,8343,8473
2013-07-01,2013,7,Juli,Kemarau,101,844993,4211749,4292,4513,1,5101,12137,8473,8562
2013-08-01,2013,8,Agustus,Kemarau,102,1097453,5104994,4272,4767,1,5523,12264,8562,8452
2013-09-01,2013,9,September,Kemarau,65,1091957,5178660,4467,4575,1,5543,12099,8452,8500
2013-10-01,2013,10,Oktober,Pancaroba,179,820758,4299367,4387,4805,1,5380,11961,8500,8854
2013-11-01,2013,11,November,Hujan,205,576348,3333389,4479,4971,1,5900,12394,8854,8633
2013-12-01,2013,12,Desember,Hujan,286,477839,2471195,4413,4933,1,5275,11922,8633,8352
2014-01-01,2014,1,Januari,Hujan,247,426424,2201446,4516,5051,1,5439,12152,8352,8823
2014-02-01,2014,2,Februari,Hujan,241,875849,4830691,4323,4876,1,5555,12134,8823,8552
2014-03-01,2014,3,Maret,Hujan,222,1504927,7176580,4397,4686,1,5690,12192,8552,8601
2014-04-01,2014,4,April,Pancaroba,136,1750801,8539766,4264,4718,1,5555,12498,8601,8859
2014-05-01,2014,5,Mei,Pancaroba,146,920946,4689535,4237,4674,238416,5864,12459,8859,8895
2014-06-01,2014,6,Juni,Kemarau,101,868401,3898885,4496,4815,1,5633,12368,8895,8625
2014-07-01,2014,7,Juli,Kemarau,76,834159,4822439,4583,4902,201585,5612,12352,8625,9248
2014-08-01,2014,8,Agustus,Kemarau,91,1011400,5226451,4436,4768,1,5912,12246,9248,9109
2014-09-01,2014,9,September,Kemarau,76,1012340,5102527,4446,4918,1,5962,12449,9109,9001
2014-10-01,2014,10,Oktober,Pancaroba,165,843448,4537676,4582,4843,1,6059,12306,9001,9173
2014-11-01,2014,11,November,Hujan,196,635377,2837452,4473,4881,1,5986,12364,9173,9263
2014-12-01,2014,12,Desember,Hujan,263,447779,1914630,4602,5054,1,5873,12611,9263,9093
2015-01-01,2015,1,Januari,Hujan,259,346532,2012233,4798,4835,1,6183,12495,9093,9280
2015-02-01,2015,2,Februari,Hujan,237,971511,4848572,4701,5019,1,6016,12503,9280,9132
2015-03-01,2015,3,Maret,Hujan,227,1445705,7501231,4696,5005,1,6277,12650,9132,8775
2015-04-01,2015,4,April,Pancaroba,139,1583675,8484451,4489,5043,347714,5932,12894,8775,8749
2015-05-01,2015,5,Mei,Pancaroba,155,981186,4447524,4700,5038,315954,6077,13197,8749,9279
2015-06-01,2015,6,Juni,Kemarau,102,714318,3481807,4742,5008,388285,5899,12916,9279,9421
2015-07-01,2015,7,Juli,Kemarau,93,860390,4408196,4583,5043,375815,6098,12707,9421,9582
2015-08-01,2015,8,Agustus,Kemarau,99,1076203,5732055,4607,4965,1,6222,12915,9582,9450
2015-09-01,2015,9,September,Kemarau,86,985487,5830086,4694,5107,71112,6372,12854,9450,9354
2015-10-01,2015,10,Oktober,Pancaroba,179,952482,4705641,4840,5072,1,6294,12926,9354,9738
2015-11-01,2015,11,November,Hujan,188,678605,3008897,4756,5124,1,6453,12874,9738,9352
2015-12-01,2015,12,Desember,Hujan,267,437101,2606049,4799,5087,1,6267,12427,9352,9653
2016-01-01,2016,1,Januari,Hujan,182,416876,2088205,5286,5756,817304,7050,13710,9653,10345
2016-02-01,2016,2,Februari,Hujan,93,891029,4547344,5197,5670,886335,7040,13675,10345,10421
2016-03-01,2016,3,Maret,Hujan,128,1590366,7971873,5157,5627,982961,7060,13707,10421,10349
2016-04-01,2016,4,April,Pancaroba,102,1769202,9052725,5140,5637,1264252,7040,13487,10349,10358
2016-05-01,2016,5,Mei,Pancaroba,125,903379,4699238,5272,5747,1222306,7070,13322,10358,10463
2016-06-01,2016,6,Juni,Kemarau,131,668181,3468183,5374,5866,1230315,7040,13387,10463,10588
2016-07-01,2016,7,Juli,Kemarau,45,955118,4835646,5348,5845,1174171,7050,13408,10588,10616
2016-08-01,2016,8,Agustus,Kemarau,73,1047835,5291166,5333,5820,1080775,7060,13294,10616,10659
2016-09-01,2016,9,September,Kemarau,89,1110724,5711121,5310,5782,944353,7040,13352,10659,10605
2016-10-01,2016,10,Oktober,Pancaroba,200,818812,4115895,5313,5799,823681,7050,13283,10605,10748
2016-11-01,2016,11,November,Hujan,190,580027,3020413,5438,5955,766136,7070,13254,10748,10856
2016-12-01,2016,12,Desember,Hujan,303,456553,2321751,5487,5963,788795,7030,13326,10856,10866
2017-01-01,2017,1,Januari,Hujan,270,405067,2097099,5522,6027,845595,7050,13138,10866,10940
2017-02-01,2017,2,Februari,Hujan,243,951212,4885525,5402,5879,941880,7050,13062,10940,10947
2017-03-01,2017,3,Maret,Hujan,243,1520237,7730469,5317,5827,1094223,7060,13156,10947,10903
2017-04-01,2017,4,April,Pancaroba,166,1610528,8307103,5372,5829,1176778,7040,13166,10903,10948
2017-05-01,2017,5,Mei,Pancaroba,143,957249,4904713,5460,5946,1312760,7030,13326,10948,10992
2017-06-01,2017,6,Juni,Kemarau,87,780136,3917208,5549,6065,1092833,7060,13288,10992,11121
2017-07-01,2017,7,Juli,Kemarau,74,927029,4768888,5548,6090,1193903,7050,13219,11121,11171
2017-08-01,2017,8,Agustus,Kemarau,88,1122622,5657301,5551,6058,1072731,7050,13506,11171,11188
2017-09-01,2017,9,September,Kemarau,104,1003324,5210582,5633,6137,812656,7050,13487,11188,11285
2017-10-01,2017,10,Oktober,Pancaroba,204,836457,4239012,5655,6216,759456,7040,13516,11285,11370
2017-11-01,2017,11,November,Hujan,195,679751,3400591,5729,6222,690026,7050,13376,11370,11288
2017-12-01,2017,12,Desember,Hujan,330,456141,2422357,5787,6268,652561,7050,13405,11288,11442
2018-01-01,2018,1,Januari,Hujan,215,392258,2031247,5851,6399,717850,7040,13556,11442,11474
2018-02-01,2018,2,Februari,Hujan,266,1070292,5432056,5785,6306,820972,7070,13535,11474,11469
2018-03-01,2018,3,Maret,Hujan,246,1480312,7605358,5696,6197,1068157,7060,13724,11469,11353
2018-04-01,2018,4,April,Pancaroba,168,1839148,9373112,5582,6112,1168175,7040,13755,11353,11222
2018-05-01,2018,5,Mei,Pancaroba,143,966141,4999285,5737,6272,1274130,7060,13841,11222,11312
2018-06-01,2018,6,Juni,Kemarau,79,845479,4332019,5675,6186,1273205,7040,13888,11312,11213
2018-07-01,2018,7,Juli,Kemarau,71,991398,5100952,5651,6144,1143125,7060,14433,11213,11197
2018-08-01,2018,8,Agustus,Kemarau,68,1078028,5441430,5611,6149,1082335,7060,14664,11197,11174
2018-09-01,2018,9,September,Kemarau,109,1140626,5839154,5547,6075,1010603,7040,14817,11174,11110
2018-10-01,2018,10,Oktober,Pancaroba,170,934418,4780191,5423,5923,846905,7060,15250,11110,11049
2018-11-01,2018,11,November,Hujan,211,665440,3444568,5371,5909,861260,7050,14888,11049,10935
2018-12-01,2018,12,Desember,Hujan,295,441138,2287356,5221,5683,846443,7060,14756,10935,10947
2019-01-01,2019,1,Januari,Hujan,279,408821,2119180,5163,5611,932513,7670,14357,10947,10877
2019-02-01,2019,2,Februari,Hujan,293,1006086,5153617,4998,5449,1121057,7650,14119,10877,10708
2019-03-01,2019,3,Maret,Hujan,248,1290654,6696261,4811,5258,1279920,7640,14070,10708,10650
2019-04-01,2019,4,April,Pancaroba,137,1574308,8085543,4688,5129,1388304,7640,14193,10650,10622
2019-05-01,2019,5,Mei,Pancaroba,144,867981,4344418,4636,5064,1575929,7640,14191,10622,10575
2019-06-01,2019,6,Juni,Kemarau,91,738029,3761861,4620,5057,1460343,7650,14151,10575,10508
2019-07-01,2019,7,Juli,Kemarau,88,908422,4716459,4655,5066,1502381,7650,14075,10508,10515
2019-08-01,2019,8,Agustus,Kemarau,70,1132729,5751773,4562,5014,1376356,7650,13886,10515,10465
2019-09-01,2019,9,September,Kemarau,74,1042840,5426844,4564,4989,1182115,7660,13846,10465,10557
2019-10-01,2019,10,Oktober,Pancaroba,169,910886,4862321,4650,5106,1081612,7650,13834,10557,10564
2019-11-01,2019,11,November,Hujan,174,554349,2914257,4745,5196,947103,7670,13976,10564,10699
2019-12-01,2019,12,Desember,Hujan,285,400518,2134728,4731,5183,1047754,7650,13957,10699,10753
2020-01-01,2020,1,Januari,Hujan,264,410765,2140332,4740,5195,1103132,7680,14525,10753,10743
2020-02-01,2020,2,Februari,Hujan,264,1007958,5225715,4681,5129,1250563,7660,15466,10743,10701
2020-03-01,2020,3,Maret,Hujan,261,1517037,7678309,4589,5032,1532547,7640,16328,10701,10648
2020-04-01,2020,4,April,Pancaroba,183,1562474,8071897,4574,5028,1598144,6440,16386,10648,10647
2020-05-01,2020,5,Mei,Pancaroba,183,968093,5045054,4670,5113,1656112,6460,15980,10647,10719
2020-06-01,2020,6,Juni,Kemarau,134,727424,3733955,4747,5208,1664766,6450,15584,10719,10840
2020-07-01,2020,7,Juli,Kemarau,98,916533,4929241,4760,5207,1743527,6460,15142,10840,10816
2020-08-01,2020,8,Agustus,Kemarau,117,1100829,5706933,4763,5240,1478184,6460,14499,10816,10851
2020-09-01,2020,9,September,Kemarau,89,1048942,5397662,4836,5280,1481640,7650,14352,10851,10930
2020-10-01,2020,10,Oktober,Pancaroba,193,861568,4588906,4786,5273,1130025,7640,14291,10930,10918
2020-11-01,2020,11,November,Hujan,261,606169,3105397,4895,5357,1226908,7630,14278,10918,10895
2020-12-01,2020,12,Desember,Hujan,313,469746,2436728,4899,5335,1172056,7640,14062,10895,10966
2021-01-01,2021,1,Januari,Hujan,327,439211,2305486,4915,5383,1271060,7660,14102,10966,10971
2021-02-01,2021,2,Februari,Hujan,288,966592,4997439,4892,5342,1414239,7650,14053,10971,11022
2021-03-01,2021,3,Maret,Hujan,323,1600683,8083484,4759,5227,1667502,7640,14046,11022,10834
2021-04-01,2021,4,April,Pancaroba,156,1724322,8984759,4768,5208,1806389,7650,14293,10834,10941
2021-05-01,2021,5,Mei,Pancaroba,150,957991,4989427,4875,5330,1987378,7650,14520,10941,10972
2021-06-01,2021,6,Juni,Kemarau,130,773403,4073275,4941,5374,1906857,7640,14517,10972,11049
2021-07-01,2021,7,Juli,Kemarau,120,874717,4636674,4948,5410,1805131,7650,14572,11049,11068
2021-08-01,2021,8,Agustus,Kemarau,115,1080219,5586442,5011,5440,1595479,7650,14521,11068,11166
2021-09-01,2021,9,September,Kemarau,115,1028621,5458833,4932,5371,1415130,7640,14370,11166,11143
2021-10-01,2021,10,Oktober,Pancaroba,184,1012803,5303007,4931,5417,1260328,7650,14387,11143,11103
2021-11-01,2021,11,November,Hujan,239,637542,3367651,4994,5487,1065755,7660,14515,11103,11269
2021-12-01,2021,12,Desember,Hujan,313,464193,2418336,5051,5542,1079366,7660,14400,11269,11327
2022-01-01,2022,1,Januari,Hujan,292,420843,2198422,5072,5538,1271547,7660,14618,11327,11354
2022-02-01,2022,2,Februari,Hujan,338,998940,5167008,5114,5603,1430794,7630,14318,11354,11438
2022-03-01,2022,3,Maret,Hujan,260,1455333,7708174,5106,5595,1626561,7640,14573,11438,11482
2022-04-01,2022,4,April,Pancaroba,161,1780888,9403716,5033,5492,1835871,7660,14674,11482,11455
2022-05-01,2022,5,Mei,Pancaroba,175,998111,5330291,5157,5683,1987667,7660,14729,11455,11526
2022-06-01,2022,6,Juni,Kemarau,109,743509,3940818,5316,5845,1942883,7660,14845,11526,11743
2022-07-01,2022,7,Juli,Kemarau,82,896184,4694502,5334,5842,1847240,7700,14837,11743,11779
2022-08-01,2022,8,Agustus,Kemarau,75,1074765,5601450,5400,5920,1761009,7660,15123,11779,11835
2022-09-01,2022,9,September,Kemarau,105,949772,5079331,5477,6009,1493941,10010,15442,11835,12087
2022-10-01,2022,10,Oktober,Pancaroba,191,846919,4411627,5476,5959,1408814,10010,15840,12087,12080
2022-11-01,2022,11,November,Hujan,250,686073,3550262,5656,6196,1205630,10010,15645,12080,12145
2022-12-01,2022,12,Desember,Hujan,297,510626,2681005,5773,6314,1364412,10000,15472,12145,12194
2023-01-01,2023,1,Januari,Hujan,276,374019,1922929,5708,6236,1467875,10010,15359,12194,12187
2023-02-01,2023,2,Februari,Hujan,229,894813,4785678,5600,6135,1678844,9990,15411,12187,12232
2023-03-01,2023,3,Maret,Hujan,191,1315404,7085960,5526,6100,1996219,10000,15334,12232,12155
2023-04-01,2023,4,April,Pancaroba,140,1735206,9424624,5442,5983,2298988,9990,15157,12155,12093
2023-05-01,2023,5,Mei,Pancaroba,154,938929,4854857,5564,6090,2402400,10000,15133,12093,12175
2023-06-01,2023,6,Juni,Kemarau,68,687760,3600730,5734,6303,2171464,10030,15034,12175,12412
2023-07-01,2023,7,Juli,Kemarau,101,778681,4120320,5701,6286,2140450,9980,15208,12412,12537
2023-08-01,2023,8,Agustus,Kemarau,84,888102,4675907,5687,6260,2020525,10010,15157,12537,12616
2023-09-01,2023,9,September,Kemarau,55,965141,5190650,5677,6230,1850237,9980,15207,12616,12627
2023-10-01,2023,10,Oktober,Pancaroba,111,806091,4111373,5776,6323,1685941,9990,15266,12627,12768
2023-11-01,2023,11,November,Hujan,133,523606,2763300,5913,6505,1500357,10010,15219,12768,12908
2023-12-01,2023,12,Desember,Hujan,188,406489,2145923,6074,6675,1580591,10000,15424,12908,13021
2024-01-01,2024,1,Januari,Hujan,181,346625,1813214,6063,6676,1676534,9990,15634,13021,13176
2024-02-01,2024,2,Februari,Hujan,198,945325,4965486,6007,6609,1992612,9990,15788,13176,13197
2024-03-01,2024,3,Maret,Hujan,138,1359430,7171588,5953,6559,2282012,10010,15914,13197,13178
2024-04-01,2024,4,April,Pancaroba,127,1499645,8037015,6000,6574,2676711,9990,15922,13178,13318
2024-05-01,2024,5,Mei,Pancaroba,155,923924,4860860,6219,6860,2884428,10000,16106,13318,13500
2024-06-01,2024,6,Juni,Kemarau,82,694679,3581316,6222,6836,3047313,10000,16285,13500,13614
2024-07-01,2024,7,Juli,Kemarau,96,784116,4076278,6248,6912,3257630,9990,16198,13614,13756
2024-08-01,2024,8,Agustus,Kemarau,104,1039390,5386345,6307,6908,2829466,10030,16198,13756,13789
2024-09-01,2024,9,September,Kemarau,74,971035,5194718,6351,7018,2969794,10010,16238,13789,13855
2024-10-01,2024,10,Oktober,Pancaroba,166,739774,3988316,6504,7148,2507918,9980,16401,13855,14048
2024-11-01,2024,11,November,Hujan,230,544846,2900686,6559,7187,2374021,10000,16280,14048,14173
2024-12-01,2024,12,Desember,Hujan,273,392986,2087528,6605,7242,2366586,9990,16200,14173,14268
2025-01-01,2025,1,Januari,Hujan,270,386336,2021738,6717,7370,2843513,10010,16180,14268,14380
2025-02-01,2025,2,Februari,Hujan,292,994544,5428708,6674,7343,3135210,9990,15981,14380,14476
2025-03-01,2025,3,Maret,Hujan,262,1639082,8525672,6593,7257,3748639,10000,16095,14476,14380
2025-04-01,2025,4,April,Pancaroba,213,1588351,8472887,6596,7232,4641517,10010,16182,14380,14425
2025-05-01,2025,5,Mei,Pancaroba,200,984224,5272455,6756,7423,4518446,10010,16509,14425,14500
2025-06-01,2025,6,Juni,Kemarau,152,723439,3910654,6868,7606,4844802,9990,16412,14500,14687
2025-07-01,2025,7,Juli,Kemarau,70,862431,4708899,6894,7624,4357276,10000,16428,14687,14772
2025-08-01,2025,8,Agustus,Kemarau,116,1046126,5503106,6857,7548,4136451,9990,16415,14772,14909
2025-09-01,2025,9,September,Kemarau,97,1030700,5483818,6834,7512,3978985,9990,16298,14909,14928
2025-10-01,2025,10,Oktober,Pancaroba,234,879486,4777685,6877,7562,3256003,10020,16503,14928,14930
2025-11-01,2025,11,November,Hujan,226,585294,3180324,7013,7726,3370200,10000,16588,14930,15129
2025-12-01,2025,12,Desember,Hujan,268,468069,2507007,6970,7634,3299732,9980,16654,15129,15143
2026-01-01,2026,1,Januari,Hujan,275,432485,2248846,7048,7741,3476312,10010,16659,15143,15189
2026-02-01,2026,2,Februari,Hujan,232,994271,5321426,6930,7573,4169633,10030,16982,15189,15087
2026-03-01,2026,3,Maret,Hujan,234,1413630,7712063,6853,7546,4840826,10010,16926,15087,15234
2026-04-01,2026,4,April,Pancaroba,152,1715464,9183703,6858,7559,5312458,9980,17330,15234,15210
2026-05-01,2026,5,Mei,Pancaroba,177,1031228,5524199,6946,7625,5158411,9990,17872,15210,15283
2026-06-01,2026,6,Juni,Kemarau,101,773388,4300981,7012,7756,5378792,10020,17966,15283,15490
2026-07-01,2026,7,Juli,Kemarau,144,892040,4765141,6958,7619,5233019,9990,17828,15490,15677
2026-08-01,2026,8,Agustus,Kemarau,118,1104288,5916011,7028,7689,4798767,10010,17797,15677,15752
2026-09-01,2026,9,September,Kemarau,76,1168048,6172914,7047,7758,4361246,10010,17687,15752,15774
